{"LJ": {"Ar-Ar": {"sigma": 3.4, "dispersion": 0.0103434293}, "Ar-ArT": {"sigma": 3.4, "dispersion": 0.0103434293}, "He-He": {"sigma": 2.56, "dispersion": 0.00088092}, "Ne-Ne": {"sigma": 2.75, "dispersion": 0.00306855069}, "Kr-Kr": {"sigma": 3.83, "dispersion": 0.01413602}, "Xe-Xe": {"sigma": 4.06, "dispersion": 0.0197387109}}}